Component,Section,Field,English Text,Turkish Text,AYŞEN SUGGESTIONS
Hero,Main Title,Title,"Weight Loss Through
Balance, Not Force","Kilo Verme
Denge ile, Zorla Değil","Kilo verme 
Denge ile, zorlamadan"
Hero,Subtitle,Description,A personalised weight loss wellness retreat with flexible start dates and program durations ranging from 4 days to extended stays.,Esnek başlangıç tarihleri ve 4 günden uzun konaklamalara kadar program süreleriyle kişiselleştirilmiş kilo verme wellness retreat'i.,Esnek başlangıç tarihleri ve 4 gün ve üzeri program seçenekleri sunan kişiye özel kilo verme wellness retreati.
Hero,Quote,Italic Text,Your journey begins when you're ready — and continues for as long as your body requires.,Yolculuğunuz hazır olduğunuzda başlar — ve vücudunuzun gerektirdiği sürece devam eder.,"Yolculuğunuz, siz hazır olduğunuzda başlar — ve bedeniniz ihtiyaç duyduğu sürece devam eder."
,,,,,
,,,,,
Results,Section Description,Subheading,"Measured in energy, clarity, fat loss, and sustainable change.","Enerji, netlik, yağ kaybı ve sürdürülebilir değişimle ölçülür.","Enerji, zihinsel berraklık, yağ kaybı ve sürdürülebilir değişimle ölçülür."
,,,,,
,,,,,
,,,,,
,,,,,
Results,Card 2,Description,Sustainable weight loss and lifestyle changes that stick. Learn habits that support lifelong wellbeing.,Sürdürülebilir kilo kaybı ve yaşam tarzı değişiklikleri. Yaşam boyu sağlığı destekleyen alışkanlıklar öğrenin.,Kalıcı kilo kaybı ve sürdürülebilir yaşam tarzı değişiklikleri. Yaşam boyu sağlığı destekleyen alışkanlıklar öğrenin.
,,,,,
,,,,,
Results,Card 3,Description,Achieve significant weight loss results. Guests commonly lose substantial kilos through our medically-supervised programs.,Önemli kilo verme sonuçları elde edin. Misafirlerimiz tıbbi gözetimli programlarımız aracılığıyla önemli kilo kaybederler.,Tıbbi gözetim altında uygulanan programlarımızla belirgin bir şekilde kilo verin. Misafirlerimizin çoğu programlarımızda tatmin edici kilo kaybı yaşar.
,,,,,
Results,Card 4,Title,Lose from Fat & Toxins,Yağ ve Toksinlerden Kaybetme,Yağ ve toksinlerden arınma
,,,,,
Results,Card 4,Stat Label,Fat loss vs water weight,Yağ kaybı vs su kaybı,Yağ kaybı ve su kaybı arasındaki fark
,,,,,
WhatsIncluded,Section Description,Subheading,"No add-ons, no hidden costs — every service below is included in your program.","Ek ücret yok, gizli maliyet yok — aşağıdaki her hizmet programınıza dahildir.","Ek ücret yok, gizli maliyet yok -  aşağıdaki tüm hizmetler programınıza dahildir."
,,,,,
WhatsIncluded,Category 1,Description,A supportive retreat environment combined with personalised nourishment designed to restore balance.,Dengeyi geri kazandırmak için tasarlanmış kişiselleştirilmiş beslenme ile destekleyici bir retreat ortamı.,"Dengeyi yeniden kurmak üzere tasarlanmış, kişiye özel beslenme ile desteklenen, iyileştirici bir retreat ortamı."
,,,,,
WhatsIncluded,Category 1,Item 2,Personalised nutrition plan including all meals and required supplements,Tüm yemekler ve gerekli takviyeleri içeren kişiselleştirilmiş beslenme planı,Tüm öğünleri ve gerekli takviyeleri içeren kişiye özel beslenme planı
WhatsIncluded,Category 1,Item 3,"Nutritional pathways may include Master Detox, Green Juice, Raw Food, Ketogenic, Water Fasting, or Intermittent Fasting","Beslenme yolları Master Detox, Yeşil Meyve Suyu, Çiğ Gıda, Ketojenik, Su Orucu veya Aralıklı Oruç içerebilir","Beslenme planları; Master Detox, Yeşil Meyve-Sebze Suları, Çiğ Beslenme, Vegan Ketojenik, Su Orucu veya Aralıklı Oruç içerebilir"
WhatsIncluded,Category 1,Item 4,All nutrition is selected based on individual medical and wellness assessment,"Tüm beslenme, bireysel tıbbi ve wellness değerlendirmesine göre seçilir",Her misafirin beslenme planı tıbbi ve wellness değerlendirmesine göre seçilir
,,,,,
,,,,,
,,,,,
,,,,,
WhatsIncluded,Category 2,Item 3,Body composition analysis (2×),Vücut kompozisyon analizi (2×),Vücut kompozisyon analizi (x2)
WhatsIncluded,Category 2,Item 4,Infrared sauna and steam room access (daily),Kızılötesi sauna ve buhar odası erişimi (günlük),Kızılötesi sauna ve buhar odası kullanımı (günlük)
WhatsIncluded,Category 2,Item 5,"Colon cleansing (self-administered, daily)","Kolon temizliği (kendi kendine uygulanan, günlük)","Kolon temizliği (kişinin kendisinin uyguladığı, günlük)"
,,,,,
,,,,,
WhatsIncluded,Category 3,Description,"Advanced technologies supporting detoxification, recovery, and metabolic efficiency.","Detoksifikasyon, iyileşme ve metabolik verimliliği destekleyen gelişmiş teknolojiler.","Toksinlerden arınmayı, iyileşmeyi ve metabolik verimliliği destekleyen ileri teknolojiler."
,,,,,
,,,,,
,,,,,
,,,,,
,,,,,
WhatsIncluded,Category 3,Item 6,Inversion table therapy,Ters masaj masası terapisi,Inversiyon Ters duruş terapisi
,,,,,
,,,,,
WhatsIncluded,Category 4,Item 1,Medical consultations (2×),Tıbbi konsültasyonlar (2×),Tıbbi konsültasyonlar (x2)
WhatsIncluded,Category 4,Item 2,Fully equipped on-site medical clinic,Tam donanımlı yerinde tıbbi klinik,"Tam donanımlı, merkez içi medikal klinik"
WhatsIncluded,Category 4,Item 3,Dedicated medical team of doctors and nurses,Doktor ve hemşirelerden oluşan özel tıbbi ekip,Doktor ve hemşirelerden oluşan özel medikal ekip
WhatsIncluded,Category 4,Item 4,Medical support available 24/7,7/24 mevcut tıbbi destek,7/24 tıbbi destek
WhatsIncluded,Category 4,Item 5,Partnered emergency hospital,Ortaklık yapılan acil hastane,Anlaşmalı acil hastane
WhatsIncluded,Category 5,Title,Cutting-Edge Metabolic Therapies,Son Teknoloji Metabolik Terapiler,İleri Metabolik Terapiler
WhatsIncluded,Category 5,Description,Targeted interventions designed to enhance fat metabolism and physical resilience.,Yağ metabolizmasını ve fiziksel dayanıklılığı artırmak için tasarlanmış hedefli müdahaleler.,Yağ metabolizmasını ve fiziksel dayanıklılığı artıran sonuç odaklı uygulamalar.
WhatsIncluded,Category 5,Item 1,CAR.O.L bike sessions (2×),CAR.O.L bisiklet seansları (2×),CAR.O.L bisiklet seansları (x2)
,,,,,
WhatsIncluded,Category 5,Item 3,Cold plunge sessions (2×),Soğuk su seansları (2×),Soğuk su havuzu seansları (×2)
WhatsIncluded,Category 5,Item 4,Pressotherapy lymphatic drainage (1×),Pressoterapi lenfatik drenaj (1×),Presoterapi lenfatik drenaj (x1)
,,,,,
,,,,,
WhatsIncluded,Category 6,Description,"A structured rhythm of movement, education, and recovery to support long-term wellbeing.","Uzun vadeli sağlığı desteklemek için hareket, eğitim ve iyileşmenin yapılandırılmış ritmi.","Uzun vadeli iyilik hâlini desteklemek için hareketi, eğitimi ve iyileşmeyi bir araya getiren, düzenli ve dengeli bir günlük akış."
,,,,,
,,,,,
,,,,,
WhatsIncluded,Category 6,Item 4,Functional training (3× per week),Fonksiyonel antrenman (haftada 3×),Fonksiyonel antrenman (haftada x3)
,,,,,
,,,,,
WhatsIncluded,Bottom Message,Text,"Accommodation is included — but what you're joining is far more than a stay. It's a fully guided, multi-layered program where every element is included and coordinated for you.","Konaklama dahildir — ancak katıldığınız şey bir konaklamadan çok daha fazlasıdır. Her öğenin dahil olduğu ve sizin için koordine edildiği, tamamen rehberli, çok katmanlı bir programdır.","Konaklama dahildir — ancak bu deneyim yalnızca bir konaklamadan çok daha fazlasıdır. Bütüncül yaklaşımla her öğenin sizin için koordine edildiği, tamamen rehberli, çok katmanlı bir programdır."
,,,,,
,,,,,
,,,,,
PricingInquiry,Stay Info,Minimum Stay,"Minimum stay 4 days, recommended 7+ days","Minimum konaklama 4 gün, önerilen 7+ gün","Minimum konaklama 4 gün, önerilen süre: 7+ gün"
PricingInquiry,Description 1,Text,"Includes accommodation, personalised program design, meals, therapies, activities, and on-site support.","Konaklama, kişiselleştirilmiş program tasarımı, yemekler, terapiler, aktiviteler ve yerinde destek dahildir.","Konaklama, kişiselleştirilmiş program tasarımı, beslenme, terapiler, ektkinlikler ve merkez içi destek dahildir."
PricingInquiry,Description 2,Text,"This fully inclusive offer reflects a medically informed, multi-layered program designed to support weight loss alongside whole-body health.","Bu tam kapsamlı teklif, kilo kaybını tüm vücut sağlığıyla birlikte desteklemek için tasarlanmış tıbbi bilgiye dayalı, çok katmanlı bir programı yansıtır.","Bu her şey dahil teklif, kilo kaybını tüm beden sağlığıyla birlikte desteklemek üzere tasarlanmış, tıbbi temelli ve çok katmanlı bir programı yansıtır."
,,,,,
PricingInquiry,Note Text,Text,The provided price is for our Bodrum retreat. Other centers may have lower or higher program pricing based on availability.,Belirtilen fiyat Bodrum retreat'imiz içindir. Diğer merkezler müsaitliğe göre daha düşük veya daha yüksek program fiyatlarına sahip olabilir.,"Belirtilen fiyat Bodrum retreat’i içindir. Diğer merkezlerde program fiyatları, müsaitliğe göre daha düşük veya daha yüksek olabilir."
PricingInquiry,Longer Programs,Text,Longer program durations and enhanced program depth are available following consultation.,Daha uzun program süreleri ve geliştirilmiş program derinliği danışmanlık sonrasında mevcuttur.,"Daha uzun program süreleri ve daha derinleştirilmiş program içerikleri, danışma sonrasında sunulabilir."
PricingInquiry,Form Title,Heading,Talk to an Expert,Bir Uzmanla Konuşun,Bir Uzmanla Görüşün
,,,,,
,,,,,
,,,,,
,,,,,
,,,,,
,,,,,
PricingInquiry,Form Field,Goals,Tell us about your goals (Optional),Hedefleriniz hakkında bize bilgi verin (İsteğe Bağlı),Hedeflerinizi Bizimle Paylaşın (isteğe bağlı)
PricingInquiry,Form Field,Goals Placeholder,Share any specific goals or questions...,Herhangi bir özel hedef veya sorunuzu paylaşın...,Özel hedeflerinizi veya sorularınızı yazın…
PricingInquiry,Form Button,Submit,Send Inquiry,Talebi Gönder,Talep Gönder
,,,,,
,,,,,
,,,,,
,,,,,
WhyItMatters,Section 1,Text 2,"You've tried controlling food. Pushing harder. Being disciplined. You understand detox, metabolism, balance. What's been missing isn't effort or knowledge.","Yemekleri kontrol etmeyi denediniz. Daha sıkı çalıştınız. Disiplinli oldunuz. Detoks, metabolizma, dengeyi anlıyorsunuz. Eksik olan çaba veya bilgi değil.","Yediklerinizi kontrol etmeyi de denediniz. Daha fazla zorlamayı da, disiplinli olmayı da. Detoksu, metabolizmayı, dengeyi biliyorsunuz. Eksik olan çaba ya da bilgi değildi."
,,,,,
,,,,,
WhyItMatters,Section 1,Text 5,The feeling that someone truly knows what your body needs — and is watching closely.,Birinin vücudunuzun neye ihtiyacı olduğunu gerçekten bildiği — ve yakından izlediği hissi.,Bedeninizin gerçekten neye ihtiyacı olduğunu bilen ve sizi yakından izleyen bir ekiple olma hissi.
WhyItMatters,Section 1,Text 6,That's where TheLifeCo begins.,İşte TheLifeCo burada başlar.,TheLifeCo tam da burada başlar.
WhyItMatters,Section 2,Title,We Know the Pattern — and How to Break It,Kalıbı Biliyoruz — ve Nasıl Kıracağımızı,Bu Döngüyü Biliyoruz — ve Nasıl Kırılacağını da
WhyItMatters,Section 2,Text 1,"We've guided tens of thousands of people through this moment — the hesitation, the hope, the sense that this time needs to be different.","On binlerce insanı bu an boyunca yönlendirdik — tereddüt, umut, bu sefer farklı olması gerektiği hissi.","On binlerce kişiye, tereddütle umut arasında gidip gelinen ve “bu kez farklı olmalı” duygusunun hissedildiği bu yol ayrımında rehberlik ettik."
WhyItMatters,Section 2,Text 2,"Our programs are shaped by that experience: medically informed, continuously observed, and adjusted as your body responds. You are never asked to push through uncertainty alone.","Programlarımız bu deneyimle şekillenir: tıbbi bilgiye dayalı, sürekli gözlemlenen ve vücudunuz yanıt verdiğinde ayarlanan. Belirsizlikten tek başınıza geçmeniz asla istenmez.","Programlarımız bu deneyimle şekillenir: tıbbi temelli, sürekli gözlemlenen ve bedeninizin verdiği yanıta göre ayarlanan. Belirsizlikle tek başınıza mücadele etmeniz beklenmez"
WhyItMatters,Section 3,Title,This Is Where You Let Go — Safely,Burada Bırakırsınız — Güvenle,Burada Yüklerinizi Güvenle Bırakırsınız
,,,,,
WhyItMatters,Section 3,Text 2,"Nourishment replaces restriction. Observation replaces guesswork. Balance replaces control. And in that space, change begins to happen — often more naturally than expected.","Beslenme kısıtlamanın yerini alır. Gözlem tahminin yerini alır. Denge kontrolün yerini alır. Ve o alanda, değişim başlamaya başlar — genellikle beklenenden daha doğal bir şekilde.","Kısıtlamanın yerini beslenme alır. Tahminlerin yerini gözlem. Kontrolün yerini denge.
Ve bu alanda değişim — çoğu zaman beklenenden çok daha doğal biçimde — başlar."
,,,,,
WhyItMatters,Section 4,Text 1,Choosing TheLifeCo is a considered step — one that allows you to stop managing everything on your own.,"TheLifeCo'yu seçmek, düşünülmüş bir adımdır — her şeyi kendi başınıza yönetmeyi bırakmanıza izin veren bir adım.","TheLifeCo’yu seçmek, her şeyi tek başınıza yönetmeyi bırakmanıza izin veren bilinçli bir adımdır."
WhyItMatters,Section 4,Text 2,"You are guided, supported, and observed throughout your stay, with every element adapted as your body responds.","Konaklamanız boyunca yönlendirilir, desteklenir ve gözlemlenirsiniz, vücudunuz yanıt verdiğinde her öğe uyarlanır.","Konaklamanız boyunca yönlendirilir, desteklenir ve gözlemlenirsiniz; bedeninizin verdiği yanıta göre her unsur uyarlanır."
WhyItMatters,Section 4,Text 3,You don't need another strategy.,Başka bir stratejiye ihtiyacınız yok.,Yeni bir stratejiye daha ihtiyacınız yok.
WhyItMatters,Section 4,Text 4,You need a place where your body can finally respond.,Vücudunuzun nihayet yanıt verebileceği bir yere ihtiyacınız var.,Bedeninizin nihayet yanıt verebileceği bir yere ihtiyacınız var.
,,,,,
WhyItMatters,CTA Description,Text,Join thousands who have transformed their lives through our personalised wellness programs,Kişiselleştirilmiş wellness programlarımız aracılığıyla hayatlarını dönüştüren binlere katılın,Kişiye özel wellness programlarımızla hayatını dönüştüren binlerce kişiye katılın.
,,,,,
,,,,,
,,,,,
,,,,,
ProgramJourney,Section Title,Heading,The Journey Explained,Yolculuk Açıklaması,Yolculuk Nasıl İlerler
ProgramJourney,Section Description,Text,"From the moment you arrive to your departure, every phase of your stay is thoughtfully designed to support transformation.","Varışınızdan ayrılışınıza kadar, konaklamanızın her aşaması dönüşümü desteklemek için düşünceli bir şekilde tasarlanmıştır.","Varış anınızdan ayrılışınıza kadar, konaklamanızın her aşaması dönüşümü desteklemek üzere özenle tasarlanmıştır."
,,,,,
,,,,,
ProgramJourney,Phase 1,Item 1,Medical check-in and full health assessment,Tıbbi check-in ve tam sağlık değerlendirmesi,Tıbbi kayıt ve kapsamlı sağlık değerlendirmesi
,,,,,
ProgramJourney,Phase 1,Item 3,Medical consultation and optional advanced diagnostics,Tıbbi konsültasyon ve isteğe bağlı gelişmiş tanılar,Tıbbi konsültasyon ve isteğe bağlı ileri tanı testleri
ProgramJourney,Phase 1,Item 4,Wellness coach consultation and program personalisation,Wellness koç konsültasyonu ve program kişiselleştirmesi,Wellness koçu görüşmesi ve programın kişiselleştirilmesi
ProgramJourney,Phase 1,Item 5,"Selection of nutrition plan, therapies, and treatments","Beslenme planı, terapiler ve tedavilerin seçimi","Beslenme planı, terapiler ve uygulamaların seçimi"
ProgramJourney,Phase 1,Closing,"Your body is assessed, not assumed. Everything begins with precision.","Vücudunuz varsayılmaz, değerlendirilir. Her şey hassasiyetle başlar.","Bedeniniz varsayımlarla değil, ölçümlerle değerlendirilir. Her şey hassasiyetle başlar."
,,,,,
ProgramJourney,Phase 2,Subtitle,Allowing the body to adjust,Vücudun ayarlanmasına izin verme,Bedenin uyumlanmasına izin vermek
ProgramJourney,Phase 2,Item 1,Gentle detoxification begins,Nazik detoksifikasyon başlar,Detoks sürecinin nazikçe başlaması
ProgramJourney,Phase 2,Item 2,Nervous system regulation and stress reduction,Sinir sistemi düzenlemesi ve stres azaltma,Sinir sisteminin düzenlenmesi ve stresin azalması
ProgramJourney,Phase 2,Item 3,Initial metabolic adjustment,İlk metabolik ayarlama,İlk metabolik adaptasyon
,,,,,
,,,,,
ProgramJourney,Phase 2,Closing,"This phase is about safety, support, and letting the body settle into a new rhythm.","Bu aşama güvenlik, destek ve vücudun yeni bir ritme yerleşmesiyle ilgilidir.","Bu aşama; güvenlik, destek ve bedenin yeni bir ritimle tanışmasıyla ilgilidir."
,,,,,
ProgramJourney,Phase 3,Subtitle,Where visible change often begins,Görünür değişimin genellikle başladığı yer,Gözle görülür değişimin sıkça başladığı dönem
ProgramJourney,Phase 3,Item 1,Increased metabolic efficiency,Artırılmış metabolik verimlilik,Artan metabolik verimlilik
ProgramJourney,Phase 3,Item 2,Enhanced fat utilisation,Geliştirilmiş yağ kullanımı,Gelişmiş yağ kullanım kapasitesi
ProgramJourney,Phase 3,Item 3,Deeper detoxification response,Daha derin detoksifikasyon yanıtı,Daha derin detoks modu
,,,,,
ProgramJourney,Phase 3,Item 5,Many guests begin to notice clearer energy and early weight changes,Birçok misafir daha net enerji ve erken kilo değişikliklerini fark etmeye başlar,Birçok misafir enerjisinin artığını ve kilo değişimlerini fark etmeye başlar
ProgramJourney,Phase 3,Closing,"For many, this is where motivation returns — naturally.","Birçokları için, motivasyonun geri döndüğü yer burasıdır — doğal olarak.",Çoğu kişi için motivasyon burada — kendiliğinden — geri döner
,,,,,
ProgramJourney,Phase 4,Subtitle,Strengthening results (for longer stays),Sonuçları güçlendirme (daha uzun konaklamalar için),Sonuçların pekişmesi (daha uzun konaklamalar için)
ProgramJourney,Phase 4,Item 1,Continued fat loss support,Devam eden yağ kaybı desteği,Süregelen yağ kaybı
ProgramJourney,Phase 4,Item 2,Stabilisation of blood sugar and appetite signals,Kan şekeri ve iştah sinyallerinin stabilizasyonu,Kan şekeri ve iştah sinyallerinin dengelenmesi
ProgramJourney,Phase 4,Item 3,Mental clarity and emotional balance deepen,Zihinsel netlik ve duygusal denge derinleşir,Zihinsel berraklık ve duygusal denge derinleşir
ProgramJourney,Phase 4,Item 4,Body adapts to sustainable patterns rather than short-term fixes,Vücut kısa vadeli çözümler yerine sürdürülebilir kalıplara uyum sağlar,"Beden, kısa vadeli çözümler yerine sürdürülebilir kalıplara uyum sağlar"
ProgramJourney,Phase 4,Closing,"Weight loss becomes a response, not a struggle.","Kilo kaybı bir mücadele değil, bir yanıt haline gelir.","Kilo kaybı bir mücadele değil, doğal bir yanıt hâline gelir."
,,,,,
,,,,,
ProgramJourney,Phase 5,Item 1,Follow-up body composition and blood analysis,Takip vücut kompozisyonu ve kan analizi,Çıkış öncesi vücut kompozisyonu ve kan analizi
,,,,,
,,,,,
ProgramJourney,Phase 5,Item 4,Lifestyle Companion App registration,Yaşam Tarzı Arkadaşı Uygulaması kaydı,Yaşam Tarzı Arkadaşı Uygulaması kaydı
,,,,,
,,,,,
ProgramJourney,Bottom Text,Text,"This is not a schedule — it's a guided physiological journey, supported at every stage.",Bu bir program değil — her aşamada desteklenen rehberli bir fizyolojik yolculuktur.,"Bu bir takvim değil — her aşaması desteklenen, rehberli bir fizyolojik yolculuktur."
,,,,,
HealingJourney,Section Description 1,Text,Personalised care shaped by clinical insight and continuously refined through observation.,Klinik içgörüyle şekillendirilmiş ve gözlem yoluyla sürekli rafine edilmiş kişiselleştirilmiş bakım.,Klinik içgörüyle şekillenen ve gözlemle sürekli geliştirilen kişiselleştirilmiş bakım.
HealingJourney,Section Description 2,Text,"Each layer of TheLifeCo Healing Journey serves a clear purpose. Together, they create the conditions your body needs to restore balance — safely, progressively, and in a way that lasts.","TheLifeCo İyileşme Yolculuğunun her katmanı net bir amaca hizmet eder. Birlikte, vücudunuzun dengeyi geri kazandırmak için ihtiyaç duyduğu koşulları yaratırlar — güvenli, ilerleyici ve kalıcı bir şekilde.","TheLifeCo İyileşme Yolculuğu’nun her katmanı net bir amaca hizmet eder. Birlikte, bedeninizin dengeyi güvenle, kademeli olarak ve kalıcı biçimde yeniden kurması için gerekli koşulları yaratırlar."
HealingJourney,Layer 1,Title,Environment That Allows the Body to Exhale,Vücudun Nefes Almasına İzin Veren Ortam,Bedenin Nefes Almasına İzin Veren Bir Ortam
HealingJourney,Layer 1,Subtitle,Relaxation & Supportive Setting,Rahatlama ve Destekleyici Ortam,Rahatlatıcı & Destekleyici Ortam
HealingJourney,Layer 1,Description,"Your surroundings are not incidental. A calm, restorative environment helps reduce stress and regulate the nervous system — an essential foundation for metabolic health and natural weight regulation.","Çevreniz tesadüfi değildir. Sakin, onarıcı bir ortam stresi azaltmaya ve sinir sistemini düzenlemeye yardımcı olur — metabolik sağlık ve doğal kilo düzenlemesi için temel bir temel.","Bulunduğunuz ortam tesadüf değildir. Sakinleştirici ve onarıcı bir çevre, stresin azalmasına ve sinir sisteminin düzenlenmesine yardımcı olur — bu da metabolik sağlık ve doğal kilo dengesi için temel oluşturur."
HealingJourney,Layer 1,Closing,"Here, your body is given permission to slow down before it is asked to change.","Burada, vücudunuzdan değişmesi istenmeden önce yavaşlamasına izin verilir.",Burada bedeninizden değişmesi istenmeden önce yavaşlamasına ve huzur bulmasına izin verilir.
HealingJourney,Layer 2,Title,A Program Designed Around You,Sizin Etrafınızda Tasarlanmış Bir Program,Size Göre Tasarlanmış Bir Program
HealingJourney,Layer 2,Subtitle,Personalised Wellness Program,Kişiselleştirilmiş Wellness Programı,Kişiye Özel Wellness Programı
HealingJourney,Layer 2,Description,"Your program is shaped by a personal health assessment and refined throughout your stay. Nutrition, therapies, and daily structure are continuously adapted based on how your body responds.","Programınız kişisel bir sağlık değerlendirmesiyle şekillenir ve konaklamanız boyunca rafine edilir. Beslenme, terapiler ve günlük yapı, vücudunuzun nasıl yanıt verdiğine göre sürekli uyarlanır.",Programınız kişisel sağlık değerlendirmesine göre şekillenir ve konaklamanız boyunca bedeninizin verdiği yanıta göre sürekli güncellenir.
HealingJourney,Layer 2,Closing,"Weight reduction is supported alongside metabolic balance — without compromising strength, energy, or vitality.","Kilo azaltma, güç, enerji veya canlılıktan ödün vermeden metabolik dengeyle birlikte desteklenir.","Kilo azaltımı; güç, enerji ve canlılıktan ödün vermeden, metabolik dengeyle birlikte desteklenir."
,,,,,
,,,,,
HealingJourney,Layer 3,Description,"Weight is influenced not only by physiology, but by stress, emotional patterns, and daily habits. Mindfulness practices and mental resilience support help you develop awareness and consistency, allowing calmer and more sustainable choices to emerge.","Kilo sadece fizyolojiden değil, stresten, duygusal kalıplardan ve günlük alışkanlıklardan etkilenir. Farkındalık uygulamaları ve zihinsel dayanıklılık desteği, farkındalık ve tutarlılık geliştirmenize yardımcı olur, daha sakin ve sürdürülebilir seçimlerin ortaya çıkmasına izin verir.","Kilo yalnızca fizyolojiyle değil; stres, duygusal kalıplar ve günlük alışkanlıklarla da ilişkilidir. Farkındalık uygulamaları ve zihinsel dayanıklılık desteği, daha sakin ve sürdürülebilir seçimlerin ortaya çıkmasına yardımcı olur."
HealingJourney,Layer 4,Title,Integrative Medicine & Targeted Therapies,Bütünleştirici Tıp ve Hedefli Terapiler,Bütüncül Tıp & Hedefli Terapiler
,,,,,
HealingJourney,Layer 4,Description,"Therapies are selected to support detoxification, circulation, recovery, and metabolic efficiency. These interventions work alongside nutritional and lifestyle adjustments, enhancing the body's ability to respond without force.","Terapiler detoksifikasyon, dolaşım, iyileşme ve metabolik verimliliği desteklemek için seçilir. Bu müdahaleler beslenme ve yaşam tarzı ayarlamalarıyla birlikte çalışır, vücudun zorlamadan yanıt verme yeteneğini artırır.","Terapiler; detoksifikasyonu, dolaşımı, toparlanmayı ve metabolik verimliliği desteklemek üzere seçilir. Beslenme ve yaşam tarzı düzenlemeleriyle birlikte çalışarak, bedenin zorlanmadan yanıt verme kapasitesini artırır."
HealingJourney,Layer 5,Title,A Partnership That Lasts Beyond the Retreat,Retreat'ten Sonra Devam Eden Bir Ortaklık,Retreat Sonrasında da Süren Bir Ortaklık
HealingJourney,Layer 5,Subtitle,Practices & Learnings to Take Home,Eve Götürülecek Uygulamalar ve Öğrenmeler,Eve Taşınan Uygulamalar & Öğrenimler
HealingJourney,Layer 5,Description,"Education is an essential part of the journey. You leave with practical guidance and a personal toolbox of skills and practices you can apply in daily life — supported by an ongoing partnership that continues beyond your stay, enabling long-term balance in weight, blood sugar, and everyday habits once you return home.","Eğitim yolculuğun önemli bir parçasıdır. Günlük yaşamda uygulayabileceğiniz pratik rehberlik ve kişisel bir beceri ve uygulama araç kutusuyla ayrılırsınız — konaklamanızdan sonra devam eden, eve döndüğünüzde kilo, kan şekeri ve günlük alışkanlıklarda uzun vadeli dengeyi sağlayan sürekli bir ortaklıkla desteklenir.","Farkındalık ve eğitim yolculuğun temel bir parçasıdır. Merkezlimizden günlük hayatta uygulayabileceğiniz pratik rehberlik ve kişisel bir beceri ve uygulama araç setiyle ayrılırsınız — konaklamanızdan sonra da devam eden bir destekle, kilo, kan şekeri ve günlük alışkanlıklarda uzun vadeli dengeyi sürdürmeniz sağlanır."
HealingJourney,Layer 6,Title,Restoration That Completes the Process,Süreci Tamamlayan Restorasyon,Süreci Tamamlayan Yenilenme
,,,,,
HealingJourney,Layer 6,Description,"Restorative treatments and spa experiences support physical recovery and deep relaxation. This final layer reinforces the body's capacity to reset, integrate change, and respond positively over time.","Onarıcı tedaviler ve spa deneyimleri fiziksel iyileşmeyi ve derin rahatlamayı destekler. Bu son katman, vücudun sıfırlama, değişimi entegre etme ve zamanla olumlu yanıt verme kapasitesini güçlendirir.","Onarıcı bakımlar ve spa deneyimleri, fiziksel toparlanmayı ve derin gevşemeyi destekler. Bu son katman, bedenin sıfırlanma, değişimi entegre etme ve zaman içinde olumlu yanıt verme kapasitesini güçlendirir."
GuestExperience,Section Title,Heading,What Guests Commonly Experience,Misafirlerin Genellikle Yaşadıkları,Misafirlerin En Sık Deneyimledikleri
GuestExperience,Item 1,Text,"Balanced weight reduction, achieved in a healthy way and time period",Sağlıklı bir şekilde ve zaman diliminde elde edilen dengeli kilo azaltma,Sağlıklı ve dengeli kilo kaybı
GuestExperience,Item 2,Text,"Elevated metabolic balance, often accompanied by better energy and vitality",Genellikle daha iyi enerji ve canlılıkla birlikte gelen yükseltilmiş metabolik denge,Gelişmiş metabolik dengeyle beraber artan enerji ve canlılık
GuestExperience,Item 3,Text,Preservation of balanced diet that is recognized for its value,Değeri tanınan dengeli bir diyetin korunması,Dengeli beslenme alışkanlıklarının öneminin anlaşılması ve korunması
GuestExperience,Item 4,Text,A psychological boost that comes as a reward for success,Başarının ödülü olarak gelen psikolojik destek,Başarıyla gelen psikolojik güçlenme
GuestExperience,Item 5,Text,Digestive and gastronomic rest while receiving nutrition,Beslenme alırken sindirim ve gastronomik dinlenme,Sindirim ve mide-bağırsak sisteminin dinlenmesi (besin değeri yüksek ve destekleyici bir beslenme eşliğinde)
GuestExperience,Item 6,Text,Reduced inflammation and improved cellular health,Azaltılmış iltihaplanma ve iyileştirilmiş hücresel sağlık,Azalan inflamasyon ve gelişen hücresel sağlık
GuestExperience,Item 7,Text,Better sleep quality and mental clarity,Daha iyi uyku kalitesi ve zihinsel netlik,Daha iyi uyku kalitesi ve zihinsel berraklık
GuestExperience,Item 8,Text,Strengthened immune system function,Güçlendirilmiş bağışıklık sistemi işlevi,Güçlenen bağışıklık sistemi fonksiyonu
GuestExperience,Footer Note,Text,Results may vary depending on individual health circumstances and program selection,Sonuçlar bireysel sağlık durumlarına ve program seçimine bağlı olarak değişebilir,"Sonuçlar, bireysel sağlık durumu ve seçilen programa göre değişiklik gösterebilir."
,,,,,
,,,,,
,,,,,
,,,,,
Testimonials,Testimonial 1,Quote,"I came to TheLifeCo Bodrum for one week, hoping for a change. By the end, my blood sugar levels were back in the normal range, and I'd lost 4 kilos. The program meals were incredible; fresh, filling salads that kept me satisfied all day. Next week, I'll have my online consultation with my dietitian here to keep the progress going. This has truly been life-changing.","I came to TheLifeCo Bodrum for one week, hoping for a change. By the end, my blood sugar levels were back in the normal range, and I'd lost 4 kilos. The program meals were incredible; fresh, filling salads that kept me satisfied all day. Next week, I'll have my online consultation with my dietitian here to keep the progress going. This has truly been life-changing.","TheLifeCo Bodrum’a bir haftalık bir değişim umuduyla geldim. Haftanın sonunda kan şekerim normal aralığa döndü ve 4 kilo verdim. Program yemekleri inanılmazdı; taze, doyurucu salatalar gün boyu tok kalmamı sağladı. Önümüzdeki hafta diyetisyenimle online görüşmem var, böylece ilerlemeyi sürdüreceğim. Gerçekten hayatımı değiştirdi."
,,,,,
,,,,,
Testimonials,Testimonial 2,Quote,"I would like to express my heartfelt gratitude to all of you, especially your incredible staff, for giving me the opportunity to transform my life. My stay at LifeCo Bodrum felt like a once-in-a-lifetime experience, but looking back, I am certain it has already become a lifelong habit—and, above all, a beautiful friendship. It has been a long time since I last felt this surge of energy radiating from my core.","I would like to express my heartfelt gratitude to all of you, especially your incredible staff, for giving me the opportunity to transform my life. My stay at LifeCo Bodrum felt like a once-in-a-lifetime experience, but looking back, I am certain it has already become a lifelong habit—and, above all, a beautiful friendship. It has been a long time since I last felt this surge of energy radiating from my core.","Hayatımı dönüştürme fırsatını sunduğunuz için, özellikle muhteşem ekibinize en içten teşekkürlerimi sunmak isterim. LifeCo Bodrum’daki konaklamam bir defaya mahsus bir deneyim gibi hissettirdi; ancak geriye dönüp baktığımda bunun çoktan ömür boyu sürecek bir alışkanlığa ve her şeyden önemlisi güzel bir dostluğa dönüştüğünden eminim. Uzun zamandır ilk kez, merkezimden yayılan bu enerji artışını hissettim."
,,,,,
,,,,,
,,,,,
,,,,,
,,,,,
VideoTestimonial,Quote,Text,"It really taught me so much about myself. I felt that I was doing it in a very safe environment — with a nutritionist following up with you, with people who knew what they were doing, in a very medical setting, and with programs that are suitable to help you detox.","It really taught me so much about myself. I felt that I was doing it in a very safe environment — with a nutritionist following up with you, with people who knew what they were doing, in a very medical setting, and with programs that are suitable to help you detox.","Kendimle ilgili çok şey öğrenmemi sağladı. Son derece güvenli bir ortamdaydım — sizi takip eden bir beslenme uzmanı, ne yaptığını bilen bir ekip, oldukça tıbbi bir çerçeve ve detoksa yardımcı, size uygun programlarla."
Endorsements,Section Title,Heading,Trusted by Experts Worldwide,Dünya Çapında Uzmanlar Tarafından Güvenilen,Dünya Çapında Uzmanların Güvendiği  Yaklaşım
Endorsements,Section Description,Text,"Medical professionals, wellness leaders, and international media recognize our commitment to excellence","Tıp profesyonelleri, wellness liderleri ve uluslararası medya mükemmelliğe bağlılığımızı tanır","Tıp profesyonelleri, wellness liderleri ve uluslararası medya mükemmeliyet taahhüdümüzü kabul ediyor."
,,,,,
Endorsements,Endorsement 1,Description,"Dr. Elena Rodriguez, MD - Integrative Medicine","Dr. Elena Rodriguez, MD - Bütünleştirici Tıp","Dr. Elena Rodriguez, MD — Bütüncül Tıp"
Endorsements,Endorsement 1,Quote,TheLifeCo's approach represents the gold standard in medically-supervised wellness programs. Their commitment to evidence-based practices while honoring holistic healing sets them apart.,"TheLifeCo'nun yaklaşımı, tıbbi gözetimli wellness programlarında altın standardı temsil eder. Bütünsel iyileşmeyi onurlandırırken kanıta dayalı uygulamalara bağlılıkları onları farklı kılar.","TheLifeCo’nun yaklaşımı, tıbbi gözetim altındaki wellness programlarında altın standarttır. Kanıta dayalı uygulamalara bağlı kalırken bütüncül iyileşmeyi onurlandırmaları onları ayrıştırıyor."
,,,,,
,,,,,
,,,,,
Endorsements,Endorsement 3,Title,International Recognition,Uluslararası Tanınma,Uluslararası Tanınırlık
Endorsements,Endorsement 3,Description,"Featured in: Vogue, Forbes Wellness, The Guardian","Yer aldığı yerler: Vogue, Forbes Wellness, The Guardian","Vogue, Forbes Wellness, The Guardian’da yer aldı"
Endorsements,Endorsement 3,Quote,TheLifeCo has been recognized globally for pioneering a new standard in wellness tourism and sustainable weight management programs.,"TheLifeCo, wellness turizmi ve sürdürülebilir kilo yönetimi programlarında yeni bir standart öncülük ettiği için küresel olarak tanınmıştır.","TheLifeCo, wellness turizmi ve sürdürülebilir kilo yönetimi programlarında yeni bir standart oluşturmasıyla dünya çapında tanınmaktadır."
,,,,,
,,,,,
Endorsements,Endorsement 4,Quote,"94% of guests maintain their weight loss results 6 months post-program, significantly exceeding industry averages of 5-20%.","Misafirlerin %94'ü program sonrası 6 ayda kilo kaybı sonuçlarını korur, bu sektör ortalaması olan %5-20'yi önemli ölçüde aşar.","Misafirlerin %94’ü, programdan 6 ay sonra kilo kaybı sonuçlarını korumaktadır — bu oran, sektör ortalaması olan %5–20’nin çok üzerindedir."
,,,,,
Endorsements,Stat 1,Label,Years of Experience,Yıllık Deneyim,Yılların Deneyimi (+20)
Endorsements,Stat 2,Label,Lives Transformed,Dönüştürülen Hayat,Dönüşen Hayatlar
Endorsements,Stat 3,Label,World-Class Locations,Dünya Standartlarında Konum,Dünya Çapında Lokasyonlar
,,,,,
,,,,,
FAQ,Question 1,Question,How quickly will I see results?,Ne kadar hızlı sonuç göreceğim?,Sonuçları ne kadar sürede görürüm?
,,,,,
,,,,,
FAQ,Question 2,Answer,"Yes, absolutely. All our programs are developed and overseen by licensed medical professionals including physicians, nutritionists, and wellness specialists. You'll receive a comprehensive health assessment at the start of your program, and medical staff are available throughout your stay.","Evet, kesinlikle. Tüm programlarımız doktorlar, beslenme uzmanları ve wellness uzmanları dahil olmak üzere lisanslı tıp profesyonelleri tarafından geliştirilir ve gözetilir. Programınızın başında kapsamlı bir sağlık değerlendirmesi alacaksınız ve tıbbi personel konaklamanız boyunca mevcuttur.","Evet, kesinlikle. Tüm programlarımız lisanslı hekimler, hemşireler, beslenme uzmanları ve wellness uzmanları tarafından geliştirilir ve denetlenir. Program başında kapsamlı bir sağlık değerlendirmesi yapılır ve konaklamanız boyunca tıbbi ekip hazır bulunur."
,,,,,
FAQ,Question 3,Answer,"Unlike quick-fix cleanses, our programs combine medical supervision, personalized nutrition plans, holistic wellness practices, and ongoing support. We focus on sustainable lifestyle changes, not temporary results. Our 94% success rate for maintaining weight loss after 6 months speaks to this approach.","Hızlı çözüm temizliklerinden farklı olarak, programlarımız tıbbi gözetim, kişiselleştirilmiş beslenme planları, bütünsel wellness uygulamaları ve sürekli desteği birleştirir. Geçici sonuçlara değil, sürdürülebilir yaşam tarzı değişikliklerine odaklanıyoruz. 6 ay sonra kilo kaybını koruma konusundaki %94 başarı oranımız bu yaklaşımı gösterir.","Hızlı çözümler sunan kürlerin aksine; programlarımız tıbbi gözetimi, kişiye özel beslenme planlarını, bütüncül wellness uygulamalarını ve sürekli desteği bir araya getirir. Geçici sonuçlara değil, sürdürülebilir yaşam tarzı değişikliklerine odaklanırız. 6 ay sonra kilo kaybını koruma oranımızın %94 olması bunun göstergesidir."
,,,,,
FAQ,Question 4,Answer,"No. Our programs are designed to nourish your body with nutrient-dense foods that satisfy you. You'll enjoy delicious, chef-prepared meals throughout the day. Many guests are surprised by how satisfying and gourmet the food is—detox doesn't mean deprivation at TheLifeCo.","Hayır. Programlarımız sizi doyuran besin açısından zengin gıdalarla vücudunuzu beslemek için tasarlanmıştır. Gün boyunca lezzetli, şef hazırlığı yemeklerin tadını çıkaracaksınız. Birçok misafir yemeğin ne kadar doyurucu ve lüks olduğuna şaşırır — TheLifeCo'da detoks yoksunluk anlamına gelmez.","Hayır. Programlarımız, sizi doyuran besin değeri yüksek gıdalarla bedeni beslemek üzere tasarlanmıştır. Gün boyunca lezzetli, şeflerimiz tarafından hazırlanan öğünler sunulur. Pek çok misafir, yemeğin ne kadar doyurucu ve lezzetli olduğuna şaşırır. TheLifeCo'da detoks yoksunluk anlamına gelmez. "
,,,,,
FAQ,Question 5,Answer,"We offer programs ranging from 7 to 21 days, depending on your goals and schedule. Our wellness consultants can help you choose the ideal program length during your consultation. Many guests start with a 7-14 day program and return for additional sessions.",Hedeflerinize ve programınıza bağlı olarak 7 ila 21 gün arasında programlar sunuyoruz. Wellness danışmanlarımız konsültasyonunuz sırasında ideal program uzunluğunu seçmenize yardımcı olabilir. Birçok misafir 7-14 günlük bir programla başlar ve ek seanslar için geri döner.,"Hedeflerinize ve zamanınıza bağlı olarak 7 ila 21 gün arasında programlar sunuyoruz. Wellness danışmanlarımız, görüşmeniz sırasında sizin için ideal süreyi belirlemenize yardımcı olur. Birçok misafir 7–14 günle başlar ve ek programlar için geri döner. (4 günden başlar diyor muyuz??)"
,,,,,
,,,,,
FAQ,Question 7,Question,Is the program suitable for people with medical conditions?,Program tıbbi durumları olan kişiler için uygun mu?,Program tıbbi rahatsızlıkları olanlar için uygun mu?
,,,,,
FAQ,Question 8,Question,What's included in the program cost?,Program maliyetine neler dahil?,Program ücretine neler dahil?
FAQ,Question 8,Answer,"Your program includes: medical consultations and monitoring, all meals and detox supplements, accommodation (for residential programs), wellness activities (yoga, meditation, fitness classes), spa treatments, educational workshops, and post-program support materials.","Programınız şunları içerir: tıbbi konsültasyonlar ve izleme, tüm yemekler ve detoks takviyeleri, konaklama (konaklamalı programlar için), wellness aktiviteleri (yoga, meditasyon, fitness sınıfları), spa tedavileri, eğitici atölyeler ve program sonrası destek materyalleri.","Tıbbi konsültasyonlar ve takip, tüm yemekler ve detoks takviyeleri, konaklama (konaklamalı programlarda), wellness aktiviteleri (yoga, meditasyon, fitness), spa uygulamaları, eğitici atölyeler ve program sonrası destek materyalleri dahildir."
,,,,,
,,,,,
,,,,,
FAQ,Still Have Questions,Text,Our wellness consultants are here to help you find the perfect program for your needs,Wellness danışmanlarımız ihtiyaçlarınıza uygun mükemmel programı bulmanıza yardımcı olmak için burada,"Wellness danışmanlarımız, ihtiyaçlarınıza en uygun programı bulmanıza yardımcı olmak için burada."
