Component,Section,Field,English Text,Turkish Text,Translator Notes
Hero,Main Title,Title,"Weight Loss Through
Balance, Not Force","Kilo Verme
Denge ile, Zorla Değil",
Hero,Subtitle,Description,"A personalised weight loss wellness retreat with flexible start dates and program durations ranging from 4 days to extended stays.","Esnek başlangıç tarihleri ve 4 günden uzun konaklamalara kadar program süreleriyle kişiselleştirilmiş kilo verme wellness retreat'i.",
Hero,Quote,Italic Text,"Your journey begins when you're ready — and continues for as long as your body requires.","Yolculuğunuz hazır olduğunuzda başlar — ve vücudunuzun gerektirdiği sürece devam eder.",
Hero,Button,CTA,"Start Your Journey","Yolculuğunuza Başlayın",
Results,Section Title,Heading,"Real Change. Real Results.","Gerçek Değişim. Gerçek Sonuçlar.",
Results,Section Description,Subheading,"Measured in energy, clarity, fat loss, and sustainable change.","Enerji, netlik, yağ kaybı ve sürdürülebilir değişimle ölçülür.",
Results,Card 1,Title,"Quick","Hızlı",
Results,Card 1,Description,"See and feel results within days, not months. Our intensive programs kickstart your transformation immediately.","Aylar değil, günler içinde sonuçları görün ve hissedin. Yoğun programlarımız dönüşümünüzü hemen başlatır.",
Results,Card 1,Stat Label,"To visible results","Görünür sonuçlara",
Results,Card 2,Title,"Lasting","Kalıcı",
Results,Card 2,Description,"Sustainable weight loss and lifestyle changes that stick. Learn habits that support lifelong wellbeing.","Sürdürülebilir kilo kaybı ve yaşam tarzı değişiklikleri. Yaşam boyu sağlığı destekleyen alışkanlıklar öğrenin.",
Results,Card 2,Stat Label,"Maintain results 6+ months","6+ ay sonuçları koruma",
Results,Card 3,Title,"Impactful","Etkili",
Results,Card 3,Description,"Achieve significant weight loss results. Guests commonly lose substantial kilos through our medically-supervised programs.","Önemli kilo verme sonuçları elde edin. Misafirlerimiz tıbbi gözetimli programlarımız aracılığıyla önemli kilo kaybederler.",
Results,Card 3,Stat Label,"Average weight loss (14 days)","Ortalama kilo kaybı (14 gün)",
Results,Card 4,Title,"Lose from Fat & Toxins","Yağ ve Toksinlerden Kaybetme",
Results,Card 4,Description,"Target actual fat loss and reduced toxic load.","Gerçek yağ kaybını ve azaltılmış toksik yükü hedefleyin.",
Results,Card 4,Stat Label,"Fat loss vs water weight","Yağ kaybı vs su kaybı",
WhatsIncluded,Section Title,Heading,"What's Included in Your Retreat","Retreat'inizde Neler Dahil",
WhatsIncluded,Section Description,Subheading,"No add-ons, no hidden costs — every service below is included in your program.","Ek ücret yok, gizli maliyet yok — aşağıdaki her hizmet programınıza dahildir.",
WhatsIncluded,Category 1,Title,"Accommodation & Nutrition","Konaklama ve Beslenme",
WhatsIncluded,Category 1,Description,"A supportive retreat environment combined with personalised nourishment designed to restore balance.","Dengeyi geri kazandırmak için tasarlanmış kişiselleştirilmiş beslenme ile destekleyici bir retreat ortamı.",
WhatsIncluded,Category 1,Item 1,"Accommodation in our retreat resorts (double rooms)","Retreat resortlarımızda konaklama (çift kişilik odalar)",
WhatsIncluded,Category 1,Item 2,"Personalised nutrition plan including all meals and required supplements","Tüm yemekler ve gerekli takviyeleri içeren kişiselleştirilmiş beslenme planı",
WhatsIncluded,Category 1,Item 3,"Nutritional pathways may include Master Detox, Green Juice, Raw Food, Ketogenic, Water Fasting, or Intermittent Fasting","Beslenme yolları Master Detox, Yeşil Meyve Suyu, Çiğ Gıda, Ketojenik, Su Orucu veya Aralıklı Oruç içerebilir",
WhatsIncluded,Category 1,Item 4,"All nutrition is selected based on individual medical and wellness assessment","Tüm beslenme, bireysel tıbbi ve wellness değerlendirmesine göre seçilir",
WhatsIncluded,Category 2,Title,"Wellness Services and Mental Support for Weight Management","Wellness Hizmetleri ve Kilo Yönetimi için Zihinsel Destek",
WhatsIncluded,Category 2,Description,"Daily expert guidance and core wellness therapies that support sustainable change.","Sürdürülebilir değişimi destekleyen günlük uzman rehberliği ve temel wellness terapileri.",
WhatsIncluded,Category 2,Item 1,"Daily wellness coaching with dietitians and psychologists","Diyetisyenler ve psikologlarla günlük wellness koçluğu",
WhatsIncluded,Category 2,Item 2,"Coping with Emotional Eating Session (x2)","Duygusal Yeme ile Başa Çıkma Seansı (x2)",
WhatsIncluded,Category 2,Item 3,"Body composition analysis (2×)","Vücut kompozisyon analizi (2×)",
WhatsIncluded,Category 2,Item 4,"Infrared sauna and steam room access (daily)","Kızılötesi sauna ve buhar odası erişimi (günlük)",
WhatsIncluded,Category 2,Item 5,"Colon cleansing (self-administered, daily)","Kolon temizliği (kendi kendine uygulanan, günlük)",
WhatsIncluded,Category 2,Item 6,"Unlimited detox soup and herbal teas","Sınırsız detoks çorbası ve bitki çayları",
WhatsIncluded,Category 3,Title,"Bio-Hacking Technologies (Daily)","Bio-Hacking Teknolojileri (Günlük)",
WhatsIncluded,Category 3,Description,"Advanced technologies supporting detoxification, recovery, and metabolic efficiency.","Detoksifikasyon, iyileşme ve metabolik verimliliği destekleyen gelişmiş teknolojiler.",
WhatsIncluded,Category 3,Item 1,"Turbosonic vibration therapy","Turbosonic titreşim terapisi",
WhatsIncluded,Category 3,Item 2,"BioCharger energy therapy","BioCharger enerji terapisi",
WhatsIncluded,Category 3,Item 3,"BioPhoton therapy","BioPhoton terapisi",
WhatsIncluded,Category 3,Item 4,"Oxygen therapy","Oksijen terapisi",
WhatsIncluded,Category 3,Item 5,"Luminette light therapy","Luminette ışık terapisi",
WhatsIncluded,Category 3,Item 6,"Inversion table therapy","Ters masaj masası terapisi",
WhatsIncluded,Category 4,Title,"Medical Services","Tıbbi Hizmetler",
WhatsIncluded,Category 4,Description,"Continuous medical oversight ensuring safety, precision, and confidence throughout your stay.","Konaklamanız boyunca güvenlik, hassasiyet ve güven sağlayan sürekli tıbbi gözetim.",
WhatsIncluded,Category 4,Item 1,"Medical consultations (2×)","Tıbbi konsültasyonlar (2×)",
WhatsIncluded,Category 4,Item 2,"Fully equipped on-site medical clinic","Tam donanımlı yerinde tıbbi klinik",
WhatsIncluded,Category 4,Item 3,"Dedicated medical team of doctors and nurses","Doktor ve hemşirelerden oluşan özel tıbbi ekip",
WhatsIncluded,Category 4,Item 4,"Medical support available 24/7","7/24 mevcut tıbbi destek",
WhatsIncluded,Category 4,Item 5,"Partnered emergency hospital","Ortaklık yapılan acil hastane",
WhatsIncluded,Category 5,Title,"Cutting-Edge Metabolic Therapies","Son Teknoloji Metabolik Terapiler",
WhatsIncluded,Category 5,Description,"Targeted interventions designed to enhance fat metabolism and physical resilience.","Yağ metabolizmasını ve fiziksel dayanıklılığı artırmak için tasarlanmış hedefli müdahaleler.",
WhatsIncluded,Category 5,Item 1,"CAR.O.L bike sessions (2×)","CAR.O.L bisiklet seansları (2×)",
WhatsIncluded,Category 5,Item 2,"Robolex therapy (30 minutes × 2)","Robolex terapisi (30 dakika × 2)",
WhatsIncluded,Category 5,Item 3,"Cold plunge sessions (2×)","Soğuk su seansları (2×)",
WhatsIncluded,Category 5,Item 4,"Pressotherapy lymphatic drainage (1×)","Pressoterapi lenfatik drenaj (1×)",
WhatsIncluded,Category 5,Item 5,"Red light bed therapy or alternative metabolic therapy","Kırmızı ışık yatak terapisi veya alternatif metabolik terapi",
WhatsIncluded,Category 6,Title,"Daily Activities","Günlük Aktiviteler",
WhatsIncluded,Category 6,Description,"A structured rhythm of movement, education, and recovery to support long-term wellbeing.","Uzun vadeli sağlığı desteklemek için hareket, eğitim ve iyileşmenin yapılandırılmış ritmi.",
WhatsIncluded,Category 6,Item 1,"Sunrise walks","Gün doğumu yürüyüşleri",
WhatsIncluded,Category 6,Item 2,"Mobility and relaxation yoga","Mobilite ve rahatlama yogası",
WhatsIncluded,Category 6,Item 3,"Meditation sessions","Meditasyon seansları",
WhatsIncluded,Category 6,Item 4,"Functional training (3× per week)","Fonksiyonel antrenman (haftada 3×)",
WhatsIncluded,Category 6,Item 5,"Educational wellness talks","Eğitici wellness konuşmaları",
WhatsIncluded,Category 6,Item 6,"Evening relaxation activities","Akşam rahatlama aktiviteleri",
WhatsIncluded,Bottom Message,Text,"Accommodation is included — but what you're joining is far more than a stay. It's a fully guided, multi-layered program where every element is included and coordinated for you.","Konaklama dahildir — ancak katıldığınız şey bir konaklamadan çok daha fazlasıdır. Her öğenin dahil olduğu ve sizin için koordine edildiği, tamamen rehberli, çok katmanlı bir programdır.",
PricingInquiry,Program Title,Heading,"Weight Loss Program","Kilo Verme Programı",
PricingInquiry,Price Label,Starting From,"Starting from","Başlangıç fiyatı",
PricingInquiry,Price Note,Per Night,"per night, all inclusive","gecelik, her şey dahil",
PricingInquiry,Stay Info,Minimum Stay,"Minimum stay 4 days, recommended 7+ days","Minimum konaklama 4 gün, önerilen 7+ gün",
PricingInquiry,Description 1,Text,"Includes accommodation, personalised program design, meals, therapies, activities, and on-site support.","Konaklama, kişiselleştirilmiş program tasarımı, yemekler, terapiler, aktiviteler ve yerinde destek dahildir.",
PricingInquiry,Description 2,Text,"This fully inclusive offer reflects a medically informed, multi-layered program designed to support weight loss alongside whole-body health.","Bu tam kapsamlı teklif, kilo kaybını tüm vücut sağlığıyla birlikte desteklemek için tasarlanmış tıbbi bilgiye dayalı, çok katmanlı bir programı yansıtır.",
PricingInquiry,Note Label,Please Note,"Please note:","Lütfen dikkat:",
PricingInquiry,Note Text,Text,"The provided price is for our Bodrum retreat. Other centers may have lower or higher program pricing based on availability.","Belirtilen fiyat Bodrum retreat'imiz içindir. Diğer merkezler müsaitliğe göre daha düşük veya daha yüksek program fiyatlarına sahip olabilir.",
PricingInquiry,Longer Programs,Text,"Longer program durations and enhanced program depth are available following consultation.","Daha uzun program süreleri ve geliştirilmiş program derinliği danışmanlık sonrasında mevcuttur.",
PricingInquiry,Form Title,Heading,"Talk to an Expert","Bir Uzmanla Konuşun",
PricingInquiry,Form Description,Text,"Get personalised guidance from our experts.","Uzmanlarımızdan kişiselleştirilmiş rehberlik alın.",
PricingInquiry,Form Field,First Name,"First Name","Ad",
PricingInquiry,Form Field,Last Name,"Last Name","Soyad",
PricingInquiry,Form Field,Email,"Email Address","E-posta Adresi",
PricingInquiry,Form Field,Phone,"Phone Number (Optional)","Telefon Numarası (İsteğe Bağlı)",
PricingInquiry,Form Field,Phone Placeholder,"Phone number","Telefon numarası",
PricingInquiry,Form Field,Goals,"Tell us about your goals (Optional)","Hedefleriniz hakkında bize bilgi verin (İsteğe Bağlı)",
PricingInquiry,Form Field,Goals Placeholder,"Share any specific goals or questions...","Herhangi bir özel hedef veya sorunuzu paylaşın...",
PricingInquiry,Form Button,Submit,"Send Inquiry","Talebi Gönder",
PricingInquiry,Form Alternative,Call Text,"Or call us directly:","Veya bizi doğrudan arayın:",
WhyItMatters,Section Title,Heading,"Where Lasting Change Begins","Kalıcı Değişimin Başladığı Yer",
WhyItMatters,Section 1,Title,"For those who know it's time for a different approach.","Farklı bir yaklaşımın zamanı geldiğini bilenler için.",
WhyItMatters,Section 1,Text 1,"You wouldn't be here if this were just about losing weight.","Bu sadece kilo vermekle ilgili olsaydı burada olmazdınız.",
WhyItMatters,Section 1,Text 2,"You've tried controlling food. Pushing harder. Being disciplined. You understand detox, metabolism, balance. What's been missing isn't effort or knowledge.","Yemekleri kontrol etmeyi denediniz. Daha sıkı çalıştınız. Disiplinli oldunuz. Detoks, metabolizma, dengeyi anlıyorsunuz. Eksik olan çaba veya bilgi değil.",
WhyItMatters,Section 1,Text 3,"It's the right environment.","Doğru ortam.",
WhyItMatters,Section 1,Text 4,"The right guidance.","Doğru rehberlik.",
WhyItMatters,Section 1,Text 5,"The feeling that someone truly knows what your body needs — and is watching closely.","Birinin vücudunuzun neye ihtiyacı olduğunu gerçekten bildiği — ve yakından izlediği hissi.",
WhyItMatters,Section 1,Text 6,"That's where TheLifeCo begins.","İşte TheLifeCo burada başlar.",
WhyItMatters,Section 2,Title,"We Know the Pattern — and How to Break It","Kalıbı Biliyoruz — ve Nasıl Kıracağımızı",
WhyItMatters,Section 2,Text 1,"We've guided tens of thousands of people through this moment — the hesitation, the hope, the sense that this time needs to be different.","On binlerce insanı bu an boyunca yönlendirdik — tereddüt, umut, bu sefer farklı olması gerektiği hissi.",
WhyItMatters,Section 2,Text 2,"Our programs are shaped by that experience: medically informed, continuously observed, and adjusted as your body responds. You are never asked to push through uncertainty alone.","Programlarımız bu deneyimle şekillenir: tıbbi bilgiye dayalı, sürekli gözlemlenen ve vücudunuz yanıt verdiğinde ayarlanan. Belirsizlikten tek başınıza geçmeniz asla istenmez.",
WhyItMatters,Section 3,Title,"This Is Where You Let Go — Safely","Burada Bırakırsınız — Güvenle",
WhyItMatters,Section 3,Text 1,"Here, weight loss is not forced. It is allowed.","Burada, kilo kaybı zorlanmaz. İzin verilir.",
WhyItMatters,Section 3,Text 2,"Nourishment replaces restriction. Observation replaces guesswork. Balance replaces control. And in that space, change begins to happen — often more naturally than expected.","Beslenme kısıtlamanın yerini alır. Gözlem tahminin yerini alır. Denge kontrolün yerini alır. Ve o alanda, değişim başlamaya başlar — genellikle beklenenden daha doğal bir şekilde.",
WhyItMatters,Section 4,Title,"An Invitation","Bir Davet",
WhyItMatters,Section 4,Text 1,"Choosing TheLifeCo is a considered step — one that allows you to stop managing everything on your own.","TheLifeCo'yu seçmek, düşünülmüş bir adımdır — her şeyi kendi başınıza yönetmeyi bırakmanıza izin veren bir adım.",
WhyItMatters,Section 4,Text 2,"You are guided, supported, and observed throughout your stay, with every element adapted as your body responds.","Konaklamanız boyunca yönlendirilir, desteklenir ve gözlemlenirsiniz, vücudunuz yanıt verdiğinde her öğe uyarlanır.",
WhyItMatters,Section 4,Text 3,"You don't need another strategy.","Başka bir stratejiye ihtiyacınız yok.",
WhyItMatters,Section 4,Text 4,"You need a place where your body can finally respond.","Vücudunuzun nihayet yanıt verebileceği bir yere ihtiyacınız var.",
WhyItMatters,CTA Title,Heading,"Start Your Transformation","Dönüşümünüze Başlayın",
WhyItMatters,CTA Description,Text,"Join thousands who have transformed their lives through our personalised wellness programs","Kişiselleştirilmiş wellness programlarımız aracılığıyla hayatlarını dönüştüren binlere katılın",
WhyItMatters,CTA Input,Placeholder,"Enter your email","E-posta adresinizi girin",
WhyItMatters,CTA Button,Text,"Get Started","Başlayın",
WhyItMatters,CTA Footer,Text,"Flexible programs from 4 days to extended stays • Start when you're ready","4 günden uzun konaklamalara kadar esnek programlar • Hazır olduğunuzda başlayın",
ProgramJourney,Section Label,Label,"YOUR PROGRAM JOURNEY","PROGRAM YOLCULUĞUNUZ",
ProgramJourney,Section Title,Heading,"The Journey Explained","Yolculuk Açıklaması",
ProgramJourney,Section Description,Text,"From the moment you arrive to your departure, every phase of your stay is thoughtfully designed to support transformation.","Varışınızdan ayrılışınıza kadar, konaklamanızın her aşaması dönüşümü desteklemek için düşünceli bir şekilde tasarlanmıştır.",
ProgramJourney,Phase 1,Title,"Day 1 — Arrival & Assessment","1. Gün — Varış ve Değerlendirme",
ProgramJourney,Phase 1,Subtitle,"Setting the foundation","Temelin atılması",
ProgramJourney,Phase 1,Item 1,"Medical check-in and full health assessment","Tıbbi check-in ve tam sağlık değerlendirmesi",
ProgramJourney,Phase 1,Item 2,"Body composition analysis and live blood analysis","Vücut kompozisyon analizi ve canlı kan analizi",
ProgramJourney,Phase 1,Item 3,"Medical consultation and optional advanced diagnostics","Tıbbi konsültasyon ve isteğe bağlı gelişmiş tanılar",
ProgramJourney,Phase 1,Item 4,"Wellness coach consultation and program personalisation","Wellness koç konsültasyonu ve program kişiselleştirmesi",
ProgramJourney,Phase 1,Item 5,"Selection of nutrition plan, therapies, and treatments","Beslenme planı, terapiler ve tedavilerin seçimi",
ProgramJourney,Phase 1,Closing,"Your body is assessed, not assumed. Everything begins with precision.","Vücudunuz varsayılmaz, değerlendirilir. Her şey hassasiyetle başlar.",
ProgramJourney,Phase 2,Title,"Days 2–3 — Adaptation Phase","2-3. Günler — Uyum Aşaması",
ProgramJourney,Phase 2,Subtitle,"Allowing the body to adjust","Vücudun ayarlanmasına izin verme",
ProgramJourney,Phase 2,Item 1,"Gentle detoxification begins","Nazik detoksifikasyon başlar",
ProgramJourney,Phase 2,Item 2,"Nervous system regulation and stress reduction","Sinir sistemi düzenlemesi ve stres azaltma",
ProgramJourney,Phase 2,Item 3,"Initial metabolic adjustment","İlk metabolik ayarlama",
ProgramJourney,Phase 2,Item 4,"Light movement, breathwork, and restorative therapies","Hafif hareket, nefes çalışması ve onarıcı terapiler",
ProgramJourney,Phase 2,Item 5,"Close medical and wellness observation","Yakın tıbbi ve wellness gözlemi",
ProgramJourney,Phase 2,Closing,"This phase is about safety, support, and letting the body settle into a new rhythm.","Bu aşama güvenlik, destek ve vücudun yeni bir ritme yerleşmesiyle ilgilidir.",
ProgramJourney,Phase 3,Title,"Days 4–7 — Activation & Momentum","4-7. Günler — Aktivasyon ve Momentum",
ProgramJourney,Phase 3,Subtitle,"Where visible change often begins","Görünür değişimin genellikle başladığı yer",
ProgramJourney,Phase 3,Item 1,"Increased metabolic efficiency","Artırılmış metabolik verimlilik",
ProgramJourney,Phase 3,Item 2,"Enhanced fat utilisation","Geliştirilmiş yağ kullanımı",
ProgramJourney,Phase 3,Item 3,"Deeper detoxification response","Daha derin detoksifikasyon yanıtı",
ProgramJourney,Phase 3,Item 4,"Structured movement and biohacking therapies","Yapılandırılmış hareket ve biohacking terapileri",
ProgramJourney,Phase 3,Item 5,"Many guests begin to notice clearer energy and early weight changes","Birçok misafir daha net enerji ve erken kilo değişikliklerini fark etmeye başlar",
ProgramJourney,Phase 3,Closing,"For many, this is where motivation returns — naturally.","Birçokları için, motivasyonun geri döndüğü yer burasıdır — doğal olarak.",
ProgramJourney,Phase 4,Title,"Days 8–14+ — Transformation Phase","8-14+ Günler — Dönüşüm Aşaması",
ProgramJourney,Phase 4,Subtitle,"Strengthening results (for longer stays)","Sonuçları güçlendirme (daha uzun konaklamalar için)",
ProgramJourney,Phase 4,Item 1,"Continued fat loss support","Devam eden yağ kaybı desteği",
ProgramJourney,Phase 4,Item 2,"Stabilisation of blood sugar and appetite signals","Kan şekeri ve iştah sinyallerinin stabilizasyonu",
ProgramJourney,Phase 4,Item 3,"Mental clarity and emotional balance deepen","Zihinsel netlik ve duygusal denge derinleşir",
ProgramJourney,Phase 4,Item 4,"Body adapts to sustainable patterns rather than short-term fixes","Vücut kısa vadeli çözümler yerine sürdürülebilir kalıplara uyum sağlar",
ProgramJourney,Phase 4,Closing,"Weight loss becomes a response, not a struggle.","Kilo kaybı bir mücadele değil, bir yanıt haline gelir.",
ProgramJourney,Phase 5,Title,"Final Day — Integration & Preparation","Son Gün — Entegrasyon ve Hazırlık",
ProgramJourney,Phase 5,Subtitle,"Leaving with clarity, not questions","Sorularla değil, netlikle ayrılma",
ProgramJourney,Phase 5,Item 1,"Follow-up body composition and blood analysis","Takip vücut kompozisyonu ve kan analizi",
ProgramJourney,Phase 5,Item 2,"Medical and wellness check-out consultations","Tıbbi ve wellness check-out konsültasyonları",
ProgramJourney,Phase 5,Item 3,"Personalised guidance for life beyond the retreat","Retreat sonrası yaşam için kişiselleştirilmiş rehberlik",
ProgramJourney,Phase 5,Item 4,"Lifestyle Companion App registration","Yaşam Tarzı Arkadaşı Uygulaması kaydı",
ProgramJourney,Phase 5,Item 5,"Post-program support and follow-up options","Program sonrası destek ve takip seçenekleri",
ProgramJourney,Phase 5,Closing,"You leave with understanding — not just results.","Sadece sonuçlarla değil, anlayışla ayrılırsınız.",
ProgramJourney,Bottom Text,Text,"This is not a schedule — it's a guided physiological journey, supported at every stage.","Bu bir program değil — her aşamada desteklenen rehberli bir fizyolojik yolculuktur.",
HealingJourney,Section Title,Heading,"A Refined Journey of Care, Guided by Precision","Hassasiyetle Yönlendirilen, İncelikli Bir Bakım Yolculuğu",
HealingJourney,Section Description 1,Text,"Personalised care shaped by clinical insight and continuously refined through observation.","Klinik içgörüyle şekillendirilmiş ve gözlem yoluyla sürekli rafine edilmiş kişiselleştirilmiş bakım.",
HealingJourney,Section Description 2,Text,"Each layer of TheLifeCo Healing Journey serves a clear purpose. Together, they create the conditions your body needs to restore balance — safely, progressively, and in a way that lasts.","TheLifeCo İyileşme Yolculuğunun her katmanı net bir amaca hizmet eder. Birlikte, vücudunuzun dengeyi geri kazandırmak için ihtiyaç duyduğu koşulları yaratırlar — güvenli, ilerleyici ve kalıcı bir şekilde.",
HealingJourney,Layer 1,Title,"Environment That Allows the Body to Exhale","Vücudun Nefes Almasına İzin Veren Ortam",
HealingJourney,Layer 1,Subtitle,"Relaxation & Supportive Setting","Rahatlama ve Destekleyici Ortam",
HealingJourney,Layer 1,Description,"Your surroundings are not incidental. A calm, restorative environment helps reduce stress and regulate the nervous system — an essential foundation for metabolic health and natural weight regulation.","Çevreniz tesadüfi değildir. Sakin, onarıcı bir ortam stresi azaltmaya ve sinir sistemini düzenlemeye yardımcı olur — metabolik sağlık ve doğal kilo düzenlemesi için temel bir temel.",
HealingJourney,Layer 1,Closing,"Here, your body is given permission to slow down before it is asked to change.","Burada, vücudunuzdan değişmesi istenmeden önce yavaşlamasına izin verilir.",
HealingJourney,Layer 2,Title,"A Program Designed Around You","Sizin Etrafınızda Tasarlanmış Bir Program",
HealingJourney,Layer 2,Subtitle,"Personalised Wellness Program","Kişiselleştirilmiş Wellness Programı",
HealingJourney,Layer 2,Description,"Your program is shaped by a personal health assessment and refined throughout your stay. Nutrition, therapies, and daily structure are continuously adapted based on how your body responds.","Programınız kişisel bir sağlık değerlendirmesiyle şekillenir ve konaklamanız boyunca rafine edilir. Beslenme, terapiler ve günlük yapı, vücudunuzun nasıl yanıt verdiğine göre sürekli uyarlanır.",
HealingJourney,Layer 2,Closing,"Weight reduction is supported alongside metabolic balance — without compromising strength, energy, or vitality.","Kilo azaltma, güç, enerji veya canlılıktan ödün vermeden metabolik dengeyle birlikte desteklenir.",
HealingJourney,Layer 3,Title,"Supporting the Mind Behind the Habits","Alışkanlıkların Arkasındaki Zihni Destekleme",
HealingJourney,Layer 3,Subtitle,"Mental Resilience & Mindfulness","Zihinsel Dayanıklılık ve Farkındalık",
HealingJourney,Layer 3,Description,"Weight is influenced not only by physiology, but by stress, emotional patterns, and daily habits. Mindfulness practices and mental resilience support help you develop awareness and consistency, allowing calmer and more sustainable choices to emerge.","Kilo sadece fizyolojiden değil, stresten, duygusal kalıplardan ve günlük alışkanlıklardan etkilenir. Farkındalık uygulamaları ve zihinsel dayanıklılık desteği, farkındalık ve tutarlılık geliştirmenize yardımcı olur, daha sakin ve sürdürülebilir seçimlerin ortaya çıkmasına izin verir.",
HealingJourney,Layer 4,Title,"Integrative Medicine & Targeted Therapies","Bütünleştirici Tıp ve Hedefli Terapiler",
HealingJourney,Layer 4,Subtitle,"Medical & Biohacking Support","Tıbbi ve Biohacking Desteği",
HealingJourney,Layer 4,Description,"Therapies are selected to support detoxification, circulation, recovery, and metabolic efficiency. These interventions work alongside nutritional and lifestyle adjustments, enhancing the body's ability to respond without force.","Terapiler detoksifikasyon, dolaşım, iyileşme ve metabolik verimliliği desteklemek için seçilir. Bu müdahaleler beslenme ve yaşam tarzı ayarlamalarıyla birlikte çalışır, vücudun zorlamadan yanıt verme yeteneğini artırır.",
HealingJourney,Layer 5,Title,"A Partnership That Lasts Beyond the Retreat","Retreat'ten Sonra Devam Eden Bir Ortaklık",
HealingJourney,Layer 5,Subtitle,"Practices & Learnings to Take Home","Eve Götürülecek Uygulamalar ve Öğrenmeler",
HealingJourney,Layer 5,Description,"Education is an essential part of the journey. You leave with practical guidance and a personal toolbox of skills and practices you can apply in daily life — supported by an ongoing partnership that continues beyond your stay, enabling long-term balance in weight, blood sugar, and everyday habits once you return home.","Eğitim yolculuğun önemli bir parçasıdır. Günlük yaşamda uygulayabileceğiniz pratik rehberlik ve kişisel bir beceri ve uygulama araç kutusuyla ayrılırsınız — konaklamanızdan sonra devam eden, eve döndüğünüzde kilo, kan şekeri ve günlük alışkanlıklarda uzun vadeli dengeyi sağlayan sürekli bir ortaklıkla desteklenir.",
HealingJourney,Layer 6,Title,"Restoration That Completes the Process","Süreci Tamamlayan Restorasyon",
HealingJourney,Layer 6,Subtitle,"Spa & Deep Recovery","Spa ve Derin İyileşme",
HealingJourney,Layer 6,Description,"Restorative treatments and spa experiences support physical recovery and deep relaxation. This final layer reinforces the body's capacity to reset, integrate change, and respond positively over time.","Onarıcı tedaviler ve spa deneyimleri fiziksel iyileşmeyi ve derin rahatlamayı destekler. Bu son katman, vücudun sıfırlama, değişimi entegre etme ve zamanla olumlu yanıt verme kapasitesini güçlendirir.",
GuestExperience,Section Title,Heading,"What Guests Commonly Experience","Misafirlerin Genellikle Yaşadıkları",
GuestExperience,Item 1,Text,"Balanced weight reduction, achieved in a healthy way and time period","Sağlıklı bir şekilde ve zaman diliminde elde edilen dengeli kilo azaltma",
GuestExperience,Item 2,Text,"Elevated metabolic balance, often accompanied by better energy and vitality","Genellikle daha iyi enerji ve canlılıkla birlikte gelen yükseltilmiş metabolik denge",
GuestExperience,Item 3,Text,"Preservation of balanced diet that is recognized for its value","Değeri tanınan dengeli bir diyetin korunması",
GuestExperience,Item 4,Text,"A psychological boost that comes as a reward for success","Başarının ödülü olarak gelen psikolojik destek",
GuestExperience,Item 5,Text,"Digestive and gastronomic rest while receiving nutrition","Beslenme alırken sindirim ve gastronomik dinlenme",
GuestExperience,Item 6,Text,"Reduced inflammation and improved cellular health","Azaltılmış iltihaplanma ve iyileştirilmiş hücresel sağlık",
GuestExperience,Item 7,Text,"Better sleep quality and mental clarity","Daha iyi uyku kalitesi ve zihinsel netlik",
GuestExperience,Item 8,Text,"Strengthened immune system function","Güçlendirilmiş bağışıklık sistemi işlevi",
GuestExperience,Footer Note,Text,"Results may vary depending on individual health circumstances and program selection","Sonuçlar bireysel sağlık durumlarına ve program seçimine bağlı olarak değişebilir",
Testimonials,Section Title,Heading,"Real experiences from those who visited Bodrum","Bodrum'u Ziyaret Edenlerden Gerçek Deneyimler",
Testimonials,Section Description,Text,"Hear from guests who have transformed their lives through TheLifeCo programs","TheLifeCo programları aracılığıyla hayatlarını dönüştüren misafirlerimizden dinleyin",
Testimonials,Testimonial 1,Name,"Cecil","Cecil",
Testimonials,Testimonial 1,Location,"UK","UK",
Testimonials,Testimonial 1,Quote,"I came to TheLifeCo Bodrum for one week, hoping for a change. By the end, my blood sugar levels were back in the normal range, and I'd lost 4 kilos. The program meals were incredible; fresh, filling salads that kept me satisfied all day. Next week, I'll have my online consultation with my dietitian here to keep the progress going. This has truly been life-changing.","I came to TheLifeCo Bodrum for one week, hoping for a change. By the end, my blood sugar levels were back in the normal range, and I'd lost 4 kilos. The program meals were incredible; fresh, filling salads that kept me satisfied all day. Next week, I'll have my online consultation with my dietitian here to keep the progress going. This has truly been life-changing.",
Testimonials,Testimonial 1,Result,"Lost 4 kilos, blood sugar normalized","4 kilo kaybı, kan şekeri normale döndü",
Testimonials,Testimonial 2,Name,"Sasa Mikevic","Sasa Mikevic",
Testimonials,Testimonial 2,Quote,"I would like to express my heartfelt gratitude to all of you, especially your incredible staff, for giving me the opportunity to transform my life. My stay at LifeCo Bodrum felt like a once-in-a-lifetime experience, but looking back, I am certain it has already become a lifelong habit—and, above all, a beautiful friendship. It has been a long time since I last felt this surge of energy radiating from my core.","I would like to express my heartfelt gratitude to all of you, especially your incredible staff, for giving me the opportunity to transform my life. My stay at LifeCo Bodrum felt like a once-in-a-lifetime experience, but looking back, I am certain it has already become a lifelong habit—and, above all, a beautiful friendship. It has been a long time since I last felt this surge of energy radiating from my core.",
Testimonials,Testimonial 2,Result,"Life transformation, renewed energy","Yaşam dönüşümü, yenilenen enerji",
Testimonials,Bottom Text,Text,"Join over 40,000+ guests who have transformed their lives","Hayatlarını dönüştüren 40,000+ misafire katılın",
VideoTestimonial,Section Title,Heading,"Testimonial: Real experiences from those who visited Bodrum","Testimonial: Real experiences from those who visited Bodrum",
VideoTestimonial,Person Name,Name,"Lebanese Actress","Lebanese Actress",
VideoTestimonial,Person Location,Location,"Visited Bodrum in 2024","Visited Bodrum in 2024",
VideoTestimonial,Quote,Text,"It really taught me so much about myself. I felt that I was doing it in a very safe environment — with a nutritionist following up with you, with people who knew what they were doing, in a very medical setting, and with programs that are suitable to help you detox.","It really taught me so much about myself. I felt that I was doing it in a very safe environment — with a nutritionist following up with you, with people who knew what they were doing, in a very medical setting, and with programs that are suitable to help you detox.",
Endorsements,Section Title,Heading,"Trusted by Experts Worldwide","Dünya Çapında Uzmanlar Tarafından Güvenilen",
Endorsements,Section Description,Text,"Medical professionals, wellness leaders, and international media recognize our commitment to excellence","Tıp profesyonelleri, wellness liderleri ve uluslararası medya mükemmelliğe bağlılığımızı tanır",
Endorsements,Endorsement 1,Title,"Medical Advisory Board","Tıbbi Danışma Kurulu",
Endorsements,Endorsement 1,Description,"Dr. Elena Rodriguez, MD - Integrative Medicine","Dr. Elena Rodriguez, MD - Bütünleştirici Tıp",
Endorsements,Endorsement 1,Quote,"TheLifeCo's approach represents the gold standard in medically-supervised wellness programs. Their commitment to evidence-based practices while honoring holistic healing sets them apart.","TheLifeCo'nun yaklaşımı, tıbbi gözetimli wellness programlarında altın standardı temsil eder. Bütünsel iyileşmeyi onurlandırırken kanıta dayalı uygulamalara bağlılıkları onları farklı kılar.",
Endorsements,Endorsement 2,Title,"Wellness Community Leader","Wellness Topluluğu Lideri",
Endorsements,Endorsement 2,Description,"James Chen - Certified Nutritionist & Author","James Chen - Sertifikalı Beslenme Uzmanı ve Yazar",
Endorsements,Endorsement 2,Quote,"I've referred dozens of clients to TheLifeCo, and every single one has come back transformed. Their programs deliver on the promise of sustainable, lasting change.","Düzinelerce müşteriyi TheLifeCo'ya yönlendirdim ve her biri dönüşmüş olarak geri döndü. Programları sürdürülebilir, kalıcı değişim vaadini yerine getiriyor.",
Endorsements,Endorsement 3,Title,"International Recognition","Uluslararası Tanınma",
Endorsements,Endorsement 3,Description,"Featured in: Vogue, Forbes Wellness, The Guardian","Yer aldığı yerler: Vogue, Forbes Wellness, The Guardian",
Endorsements,Endorsement 3,Quote,"TheLifeCo has been recognized globally for pioneering a new standard in wellness tourism and sustainable weight management programs.","TheLifeCo, wellness turizmi ve sürdürülebilir kilo yönetimi programlarında yeni bir standart öncülük ettiği için küresel olarak tanınmıştır.",
Endorsements,Endorsement 4,Title,"Guest Success Rate","Misafir Başarı Oranı",
Endorsements,Endorsement 4,Description,"Verified by Independent Health Assessments","Bağımsız Sağlık Değerlendirmeleri ile Doğrulandı",
Endorsements,Endorsement 4,Quote,"94% of guests maintain their weight loss results 6 months post-program, significantly exceeding industry averages of 5-20%.","Misafirlerin %94'ü program sonrası 6 ayda kilo kaybı sonuçlarını korur, bu sektör ortalaması olan %5-20'yi önemli ölçüde aşar.",
Endorsements,Stats Title,Heading,"Industry-Leading Standards","Sektör Lideri Standartlar",
Endorsements,Stat 1,Label,"Years of Experience","Yıllık Deneyim",
Endorsements,Stat 2,Label,"Lives Transformed","Dönüştürülen Hayat",
Endorsements,Stat 3,Label,"World-Class Locations","Dünya Standartlarında Konum",
FAQ,Section Title,Heading,"Frequently Asked Questions","Sıkça Sorulan Sorular",
FAQ,Section Description,Text,"Everything you need to know about TheLifeCo detox programs","TheLifeCo detoks programları hakkında bilmeniz gereken her şey",
FAQ,Question 1,Question,"How quickly will I see results?","Ne kadar hızlı sonuç göreceğim?",
FAQ,Question 1,Answer,"Most guests report feeling more energized and noticing positive changes within 3-5 days. Visible weight loss typically begins within the first week. However, the most significant benefit is the lasting lifestyle changes that continue to deliver results long after your program ends.","Çoğu misafir 3-5 gün içinde daha enerjik hissettiğini ve olumlu değişiklikler fark ettiğini bildirir. Görünür kilo kaybı genellikle ilk hafta içinde başlar. Ancak, en önemli fayda, programınız bittikten çok sonra bile sonuç vermeye devam eden kalıcı yaşam tarzı değişiklikleridir.",
FAQ,Question 2,Question,"Is the program medically supervised?","Program tıbbi gözetim altında mı?",
FAQ,Question 2,Answer,"Yes, absolutely. All our programs are developed and overseen by licensed medical professionals including physicians, nutritionists, and wellness specialists. You'll receive a comprehensive health assessment at the start of your program, and medical staff are available throughout your stay.","Evet, kesinlikle. Tüm programlarımız doktorlar, beslenme uzmanları ve wellness uzmanları dahil olmak üzere lisanslı tıp profesyonelleri tarafından geliştirilir ve gözetilir. Programınızın başında kapsamlı bir sağlık değerlendirmesi alacaksınız ve tıbbi personel konaklamanız boyunca mevcuttur.",
FAQ,Question 3,Question,"What makes TheLifeCo different from other detox programs?","TheLifeCo'yu diğer detoks programlarından farklı kılan nedir?",
FAQ,Question 3,Answer,"Unlike quick-fix cleanses, our programs combine medical supervision, personalized nutrition plans, holistic wellness practices, and ongoing support. We focus on sustainable lifestyle changes, not temporary results. Our 94% success rate for maintaining weight loss after 6 months speaks to this approach.","Hızlı çözüm temizliklerinden farklı olarak, programlarımız tıbbi gözetim, kişiselleştirilmiş beslenme planları, bütünsel wellness uygulamaları ve sürekli desteği birleştirir. Geçici sonuçlara değil, sürdürülebilir yaşam tarzı değişikliklerine odaklanıyoruz. 6 ay sonra kilo kaybını koruma konusundaki %94 başarı oranımız bu yaklaşımı gösterir.",
FAQ,Question 4,Question,"Will I be hungry during the program?","Program sırasında aç kalacak mıyım?",
FAQ,Question 4,Answer,"No. Our programs are designed to nourish your body with nutrient-dense foods that satisfy you. You'll enjoy delicious, chef-prepared meals throughout the day. Many guests are surprised by how satisfying and gourmet the food is—detox doesn't mean deprivation at TheLifeCo.","Hayır. Programlarımız sizi doyuran besin açısından zengin gıdalarla vücudunuzu beslemek için tasarlanmıştır. Gün boyunca lezzetli, şef hazırlığı yemeklerin tadını çıkaracaksınız. Birçok misafir yemeğin ne kadar doyurucu ve lüks olduğuna şaşırır — TheLifeCo'da detoks yoksunluk anlamına gelmez.",
FAQ,Question 5,Question,"How long are the programs?","Programlar ne kadar sürer?",
FAQ,Question 5,Answer,"We offer programs ranging from 7 to 21 days, depending on your goals and schedule. Our wellness consultants can help you choose the ideal program length during your consultation. Many guests start with a 7-14 day program and return for additional sessions.","Hedeflerinize ve programınıza bağlı olarak 7 ila 21 gün arasında programlar sunuyoruz. Wellness danışmanlarımız konsültasyonunuz sırasında ideal program uzunluğunu seçmenize yardımcı olabilir. Birçok misafir 7-14 günlük bir programla başlar ve ek seanslar için geri döner.",
FAQ,Question 6,Question,"Can I maintain the results after I leave?","Ayrıldıktan sonra sonuçları koruyabilir miyim?",
FAQ,Question 6,Answer,"Yes! Sustainability is at the core of our approach. You'll leave with personalized meal plans, lifestyle strategies, and ongoing support resources. Our graduates maintain their results at a rate of 94% after six months, compared to the industry average of 5-20%.","Evet! Sürdürülebilirlik yaklaşımımızın temelidir. Kişiselleştirilmiş yemek planları, yaşam tarzı stratejileri ve sürekli destek kaynaklarıyla ayrılırsınız. Mezunlarımız sonuçlarını altı ay sonra %94 oranında korur, bu da sektör ortalaması olan %5-20 ile karşılaştırıldığında çok yüksektir.",
FAQ,Question 7,Question,"Is the program suitable for people with medical conditions?","Program tıbbi durumları olan kişiler için uygun mu?",
FAQ,Question 7,Answer,"Our programs can be adapted for most health conditions, including diabetes, hypertension, and digestive issues. During your initial consultation, our medical team will review your health history and customize your program accordingly. We recommend consulting with your personal physician before starting any wellness program.","Programlarımız diyabet, hipertansiyon ve sindirim sorunları dahil olmak üzere çoğu sağlık durumu için uyarlanabilir. İlk konsültasyonunuz sırasında tıbbi ekibimiz sağlık geçmişinizi gözden geçirecek ve programınızı buna göre özelleştirecektir. Herhangi bir wellness programına başlamadan önce kişisel doktorunuzla görüşmenizi öneririz.",
FAQ,Question 8,Question,"What's included in the program cost?","Program maliyetine neler dahil?",
FAQ,Question 8,Answer,"Your program includes: medical consultations and monitoring, all meals and detox supplements, accommodation (for residential programs), wellness activities (yoga, meditation, fitness classes), spa treatments, educational workshops, and post-program support materials.","Programınız şunları içerir: tıbbi konsültasyonlar ve izleme, tüm yemekler ve detoks takviyeleri, konaklama (konaklamalı programlar için), wellness aktiviteleri (yoga, meditasyon, fitness sınıfları), spa tedavileri, eğitici atölyeler ve program sonrası destek materyalleri.",
FAQ,Question 9,Question,"Do you offer virtual/remote programs?","Sanal/uzaktan programlar sunuyor musunuz?",
FAQ,Question 9,Answer,"Yes! We offer both residential programs at our wellness centers and virtual programs that you can complete from home. Virtual programs include video consultations, meal plans and recipes, supplement protocols, guided wellness practices, and daily support from our team.","Evet! Wellness merkezlerimizde konaklamalı programlar ve evinizden tamamlayabileceğiniz sanal programlar sunuyoruz. Sanal programlar video konsültasyonlar, yemek planları ve tarifler, takviye protokolleri, rehberli wellness uygulamaları ve ekibimizden günlük destek içerir.",
FAQ,Still Have Questions,Title,"Still have questions?","Hala sorularınız mı var?",
FAQ,Still Have Questions,Text,"Our wellness consultants are here to help you find the perfect program for your needs","Wellness danışmanlarımız ihtiyaçlarınıza uygun mükemmel programı bulmanıza yardımcı olmak için burada",
FAQ,Still Have Questions,Button,"Schedule a Free Consultation","Ücretsiz Konsültasyon Planla",
Footer,Copyright,Text,"© 2026 TheLifeCo. All rights reserved.","© 2026 TheLifeCo. Tüm hakları saklıdır.",
Footer,Privacy Link,Text,"Privacy Policy","Gizlilik Politikası",

